N5,ああ,嗚呼,"ah !, oh !, hey!",
N4,あいさつ,挨拶,salutation,
N5,あいさつする,挨拶する,saluer,
N4,あいだ,間,"entre, parmi, pendant que",
N5,あう,会う・遭う [五段],"rencontrer, voir (une personne)",
N4,あう,合う [五段],convenir,
N5,あお,青,"bleu (le), vert (le)",
N5,あおい,青い・蒼い,"bleu, vert, inexpérimenté",
N5,あか,赤,rouge (le),
N5,あかい,赤い,rouge,
N4,あかちゃん,赤ちゃん,bébé,
N4,あがる,上がる [五段],"s'élever, grimper, augmenter",
N5,あかるい,明るい,clair,
N4,あかんぼう,赤ん坊,bébé,
N5,あき,秋,automne,
N5,あく,開く [五段],s'ouvrir,
N4,あく,空く [五段],"se vider, être vide, être disponible",
N4,アクセサリー,,accessoire,
N5,あける,開ける・明ける [一段],ouvrir,
N5,あげる,上げる [一段],donner,
N4,あげる,上げる [一段],augmenter,
N5,あさ,朝,matin,
N4,あさい,浅い,peu profond,
N5,あさごはん,朝ご飯,petit-déjeuner,
N5,あさって,明後日,après-demain,
N4,あさねぼう,朝寝坊,lève-tard,
N5,あし,足,jambe,
N5,あし,足,pied,
N4,あじ,味,goût,
N4,アジア,,"Asie, asiatique",
N5,あした,明日,demain,
N4,あす,明日,demain,
N5,あそこ,彼処,là-bas (loin du locuteur et de l'interlocuteur),
N5,あそび,遊び,jeu,
N5,あそぶ,遊ぶ [五段],jouer,
N5,あたたかい,温かい・暖かい,"tiède, chaud",
N5,あたま,頭,tête,
N5,あたらしい,新しい,nouveau,
N5,あちら,彼方,ce côté-là (loin du locuteur et de l'interlocuteur),
N5,あつい,暑い,chaud (temps météo.),
N5,あつい,厚い,"épais, lourd",
N5,あっち,彼方,ce côté-là (loin du locuteur et de l'interlocuteur),
N4,あつまる,集まる [五段],se réunir,
N4,あつめる,集める [一段],"réunir, rassembler",
N5,あと,後,après,
N4,アナウンサー,,"présentateur (TV, radio)",
N5,あなた,貴方,"tu, toi, ton (neutre)",
N5,あに,兄,grand-frère,
N5,あね,姉,grande-soeur,
N5,あの,,"bien, donc...",
N5,あの,彼の,ce (loin du locuteur et de l'interlocuteur),
N5,アパート,,appartement,
N5,あびる,浴びる [一段],"prendre une douche, prendre un bain, se dorer au soleil",
N5,あぶない,危ない,dangereux,
N4,アフリカ,,Afrique,
N5,あまい,甘い,"doux, délicieux, sucré",
N5,あまり,余り,pas tellement (+négatif),
N5,あめ,雨,pluie,
N5,あめ,飴,"bonbon, sucrerie",
N4,アメリカ,,Amérique,
N4,あやまる,謝る [五段],s'excuser,
N5,あらう,洗う [五段],laver,
N5,ある,有る [五段],"avoir, posséder",
N5,ある,在る [五段],"être, se trouver, exister",
N5,あるく,歩く [五段],marcher,
N4,アルコール,,alcool,
N4,アルバイト,,travail à temps partiel,
N5,あれ,彼,ceci (loin du locuteur et de l'interlocuteur),
N4,あんしんする,安心する,être tranquille,
N4,あんぜん,安全,sûr,
N4,あんな,,comme ça,
N4,あんな,,ce genre de,
N4,あんない,案内,"information, renseignement",
N4,あんないする,案内する,"guider, faire visiter",
N5,あんまり・あまり,余り,"excès, trop plein, surplus",
N5,いい・よい,良い,"plaisant, agréable, bien",
N5,"いいえ, いえ",否,non,
N5,いう,言う [五段],dire,
N5,いえ,家,maison,
N4,いか,以下,"moins de, au dessous-de, sous",
N4,いがい,以外,excepté,
N4,いかが,如何,comment ?,
N4,いがく,医学,médecine,
N4,いきる,生きる [一段],"vivre, exister",
N5,いく・ゆく,行く [五段]s,aller,
N5,いくつ,幾つ,combien ? (quantité),
N5,いくら,幾ら,combien ? (prix),
N5,いけ,池,étang,
N4,いけん,意見,"opinion, avis",
N5,いし,石,"pierre, roc",
N4,いじめる,苛める [一段],embêter,
N5,いしゃ,医者,"docteur, médecin",
N4,いじょう,以上,"plus de, au dessus-de, davantage",
N5,いす,椅子,chaise,
N5,いそがしい,忙しい,occupé,
N4,いそぐ,急ぐ [五段],se dépêcher,
N5,いたい,痛い,douloureux,
N4,いたす,致す [五段],faire (hum),
N5,いただきます,戴きます,merci pour ce repas (expression de gratitude avant de commencer à manger),
N4,いただく,戴く・頂く [五段],"recevoir (hum), manger ou boire",
N5,いち,一,un,
N4,いちど,一度,une fois,
N5,いちにち,一日,un jour,
N5,いちばん,一番,"meilleur, le premier, le numéro 1",
N5,いつ,何時,quand ?,
N5,いつか,五日,"cinquième jour du mois, 5 jours",
N5,いっしゅうかん,一週間,une semaine,
N5,いっしょ,一緒,ensemble,
N4,いっしょうけんめい,一生懸命,"de toute ses forces, très fort",
N5,いつつ,五つ,cinq,
N4,いってまいります,行って参ります,à tout à l'heure (se dit en partant lorsqu'on reviendra plus tard) (poli),
N4,いってらっしゃい,行ってらっしゃい,à tout à l'heure (se dit en partant lorsqu'on reviendra plus tard),
N4,いっぱい,一杯,"rempli, plein, ivre",
N5,いつも,何時も,"toujours, à chaque fois, jamais (+négatif)",
N4,いと,糸,fil,
N4,いない,以内,"avant de, moins de",
N4,いなか,田舎,campagne,
N5,いぬ,犬,chien,
N4,いのる,祈る [五段],prier pour,
N5,いま,今,maintenant,
N5,いみ,意味,"signification, sens",
N5,いもうと,妹,petite-soeur,
N5,いや,嫌・否,"désagréable, déplaisant",
N5,いらっしゃいませ,,"bienvenue (dans notre magasin, notre restaurant)",
N4,いらっしゃる,[五段],"venir, arriver (hum)",
N5,いりぐち,入り口,entrée,
N5,いる,要る [五段],"avoir besoin, nécessiter",
N5,いれる,入れる [一段],"introduire, mettre dedans, insérer, préparer (du thé, du café)",
N5,いろ,色,couleur,
N5,いろいろ,色々,"divers, variés",
N5,うえ,上,dessus,
N4,うえる,植える [一段],"planter, faire pousser (fleur, arbre...)",
N4,うかがう,伺う [五段],"demander, visiter (hum)",
N4,うけつけ,受付,"réception, bureau de renseignement",
N4,うける,受ける [一段],"recevoir, accepter, passer (un examen par exemple)",
N4,うごく,動く [五段],bouger,
N5,うしろ,後ろ,derrière,
N5,うすい,薄い,"mince, pâle (pour une couleur)",
N4,うそ,嘘,mensonge,
N5,うた,歌,"chanson, chant",
N5,うたう,歌う [五段],chanter,
N5,うち,家・内,"maison (sa), chez soi",
N4,うち,中,"entre, parmi",
N5,うちで,内で,chez soi,
N4,うつ,打つ・撃つ [五段],"frapper (une personne), battre",
N4,うつくしい,美しい,belle (envers une femme),
N4,うつす,写す [五段],"copier, reproduire, filmer, photographier",
N4,うつる,移る [五段],"déménager, transférer",
N4,うで,腕,bras,
N4,うまい,上手い,"doué, bon",
N5,うまれる,生まれる [一段],naître,
N5,うみ,海,mer,
N4,うら,裏,"côté opposé, derrière, partie cachée du regard",
N4,うりば,売り場,"lieu de vente, surface de vente",
N5,うる,売る [五段],vendre,
N4,うるさい,煩い,"bruyant, gênant",
N4,うれしい,嬉しい,content,
N5,うわぎ,上着,"manteau, veste",
N4,うん,,"ouais, ok, yeah (marque l'accord)",
N4,うんてん,運転,conduite (d'un véhicule),
N4,うんてんしゅ,運転手,conducteur,
N4,うんてんする,運転する,conduire,
N4,うんどう,運動,"mouvement, exercice",
N4,うんどうする,運動する,faire de l'exercice,
N5,え,絵,"image, dessin",
N5,えいが,映画,film,
N5,えいがかん,映画館,cinéma (bâtiment),
N5,えいご,英語,langue anglaise,
N5,ええ,,"oui, en effet, c'est cela",
N5,えき,駅,gare,
N4,エスカレーター,,escalateur,
N4,えだ,枝,branche,
N4,えらぶ,選ぶ [五段],choisir,
N5,エレベーター,,ascenseur,
N5,えん,円,yen,
N5,えんぴつ,鉛筆,crayon,
N4,えんりょ,遠慮,"réserve, distance, défiance",
N4,えんりょする,遠慮する,"être réservé, hésiter",
N5,おいしい,美味しい,"bon, délicieux",
N5,おいでになる,お出でになる [五段],"être, arriver (poli)",
N4,おいわい,お祝い,célébration,
N4,おうせつま,応接間,"salle de réception, salon",
N4,おおい,多い,"beaucoup, nombreux",
N5,おおきい,大きい,"grand, large",
N4,おおきな,大きな,"grand, large",
N5,おおぜい,大勢,foule,
N4,オートバイ,,moto,
N4,オーバー,,pardessus,
N5,おかあさん,お母さん,mère (polie),
N4,おかえりなさい,お帰りなさい,bienvenue à la maison (la notre),
N4,おかげ,お陰,"soutien, support",
N4,おかげさまで,お陰様で,merci à vous,
N5,おかし,お菓子,"gâteau, confiserie",
N4,おかしい,可笑しい,"étrange, drôle",
N5,おかね,お金,"argent, monnaie",
N5,おきる,起きる [一段],"se réveiller, se lever",
N5,おく,置く [五段],poser,
N4,おく,億,cent millions,
N5,おくさん,奥さん,épouse (d'un autre),
N4,おくじょう,屋上,toît,
N4,おくりもの,贈り物,cadeau,
N5,おくる,送る [五段],"envoyer, expédier, accompagner une personne",
N4,おくれる,後れる・遅れる [一段],"être en retard, être différé",
N5,おげんきで,お元気で,"portez-vous bien, prends soin de toi",
N4,おこさん,お子さん,enfant de quelqu'un d'autre,
N4,おこす,起こす [五段],"réveiller, lever",
N4,おこなう,行う [五段],"faire un numéro, exécuter, faire, avoir lieu",
N4,おこる,怒る [五段],"se fâcher, se mettre en colère",
N5,おじいさん,お爺さん,grand-père (polie),
N4,おしいれ,押入れ,placard,
N5,おしえる,教える [一段],"enseigner, instruire",
N5,おじさん,伯父さん・叔父さん,oncle (polie),
N4,おじょうさん,お嬢さん,jeune femme (poli),
N5,おす,押す [五段],"pousser, presser",
N5,おそい,遅い,lent,
N4,おだいじに,お大事に,bon rétablissement (à une personne malade),
N4,おたく,お宅,"votre maison, votre foyer (hum)",
N5,おちゃ,お茶,thé,
N4,おちる,落ちる [一段],"tomber, chuter",
N4,おっしゃる,仰る [五段],"dire, parler (poli)",
N4,おっと,夫,"mari, époux",
N5,おてあらい,お手洗い,toilettes,
N4,おと・ね,音,son (bruit),
N5,おとうさん,お父さん,père (polie),
N5,おとうと,弟,petit-frère,
N5,おとこ,男,homme,
N5,おとこのこ,男の子,garçon,
N4,おとす,落とす [五段],"laisser tomber, faire tomber",
N5,おととい・いっさくじつ,一昨日,avant-hier,
N5,おととし・いっさくねん,一昨年,"l'année avant l'année dernière, il y a 2 ans",
N5,おとな,大人,"adulte, grande personne",
N4,おどり,踊り,danse,
N4,おどる,踊る [五段],danser,
N4,おどろく,驚く [五段],"être surpris, être étonné",
N5,おなか,お腹,"ventre, estomac",
N5,おなじ,同じ,"identique, égal",
N5,おにいさん,お兄さん,grand-frère (polie),
N5,おねえさん,お姉さん,grande-soeur (polie),
N5,おねがいします,お願いします,s'il vous plaît,
N5,おば,伯母・叔母,tante,
N5,おばあさん,お婆さん,grand-mère (polie),
N5,おばさん,伯母さん・叔母さん,tante (polie),
N5,おはようございます,お早う御座います,bonjour (le matin),
N5,おべんとう,お弁当,"bentô, panier-repas japonais",
N5,おぼえる,覚える [一段],se souvenir,
N4,おまたせしました,お待たせしました,désolé pour l'attente,
N5,おまわりさん,お巡りさん,policier (désigné de manière amicale),
N4,おみまい,お見舞い,le faire de prendre des nouvelles de quelqu'un malade,
N4,おみやげ,お土産,"cadeau, souvenir",
N4,おめでとうございます,お目出度うご座います,félicitations,
N5,おもい,重い,"lourd, massif",
N4,おもいだす,思い出す [五段],"se rappeler, se souvenir",
N4,おもう,思う [五段],penser,
N5,おもしろい,面白い,intéressant,
N4,おもちゃ・がんぐ,玩具,jouet,
N4,おもて,表,"face, partie visible (contraire de 裏)",
N4,おや,親,parents,
N5,おやすみなさい,お休みなさい,bonne nuit,
N4,おゆ,お湯,eau chaude,
N5,およぐ,泳ぐ [五段],nager,
N5,おりる,降りる [一段],"descendre (d'une montagne, un bus...)",
N4,おりる,下りる [一段],"descendre (d'une montage, d'un bus...)",
N4,おる,居る [五段],"être (pour quelque chose d'animé), exister",
N4,おる,折る [五段],"plier, rompre, casser",
N4,おれい,お礼,"courtoisie, politesse",
N4,おれる,折れる [一段],"être plié, se rompre, se briser",
N4,オレンジ,,orange (fruit ou couleur),
N4,おわり,終わり,fin,
N5,おわる,終わる [五段],finir,
N5,おんがく,音楽,"musique, mouvement (musique)",
N5,おんな,女,femme,
N5,おんなのこ,女の子,fille,
N4,か,家,"suffixe pour indiquer une propriété, une relation ou une occupation d'une personne (ferme 農, fermier 農家)",
N4,カーテン,,rideau,
N5,かい,回,compteur pour le nombre de fois,
N5,かい,階,compteur pour les étages,
N4,かい,会,"rassemblement, club, association",
N4,かいがん,海岸,"rivage, côte (mer)",
N4,かいぎ,会議,"conférence, réunion, meeting",
N5,がいこく,外国,pays étranger,
N5,がいこくじん,外国人,étranger,
N5,かいしゃ,会社,entreprise,
N4,かいじょう,会場,lieu de réunion,
N5,かいだん,階段,escaliers,
N5,かいもの,買い物,"achats, courses",
N4,かいわ,会話,"conversation, dialogue, discussion",
N5,かう,買う [五段],acheter,
N5,かえす,返す [五段],"retourner, renvoyer quelque chose",
N4,かえり,帰り,retour,
N4,かえる,変える [一段],"changer, varier",
N4,かえる,帰る・返る [五段],"revenir, retourner (à notre point de départ)",
N5,かお,顔,visage,
N4,かがく,科学,science,
N4,かがみ,鏡,miroir,
N5,かかる,掛かる [五段],"prendre (du temps, de l'argent), être accroché, être suspendu, être couvert (par une assurance, un contrat…)",
N5,かぎ,鍵,clé,
N5,かく,書く [五段],écrire,
N5,がくせい,学生,étudiant,
N4,がくぶ,学部,département universitaire,
N5,かげつ,ヶ月・箇月,compteur pour le nombre de mois,
N5,かける,掛ける [一段],"accrocher, porter (des lunettes...), appeler (au téléphone), prendre, dépenser (de l'argent, du temps)",
N5,かさ,傘,parapluie,
N4,かざる,飾る [五段],"décorer, orner",
N4,かじ,火事,incendie,
N4,かしこまりました,畏まりました,"bien entendu, bien sûr",
N5,かす,貸す [五段],prêter,
N5,かぜ,風邪,rhume,
N5,かぜ,風,vent,
N5,かぞく,家族,famille,
N4,ガソリン,,essence,
N4,ガソリンスタンド,,station-essence,
N5,かた,方,personne (poli),
N4,かた,方,"manière de, méthode de",
N5,かたかな,片仮名,katakana (un des syllabaires japonais),
N4,かたち,形,"forme, aspect, apparence",
N4,かたづける,片づける [一段],"nettoyer, ranger",
N4,かつ,勝つ [五段],gagner,
N5,がつ,月,mois de l'année,
N4,かっこう,格好,"forme, apparence",
N5,がっこう,学校,école,
N5,かてい,家庭,"famille (sa), maison (sa)",
N5,かど,角,"coin (d'une rue, d'un trottoir…), rebord, bord",
N5,かない,家内,épouse (la nôtre),
N4,かなしい,悲しい,"triste, mélancolique",
N4,かならず,必ず,"certainement, surement, sans aucun doute",
N5,かね,金,"argent, monnaie",
N4,かねもち,金持ち,personne riche,
N4,かのじょ,彼女,"elle, sa (neutre)",
N5,かばん,鞄,"sac, cartable",
N5,かびん,花瓶,vase,
N5,かぶる,被る [五段],"porter quelque chose sur la tête, être recouvert (d'eau, de poussière…), supporter (un défaut, un manque…)",
N4,かべ,壁,"mur, cloison",
N4,かまう,構う [五段],"s'inquiéter, s'occuper de",
N5,かみ,紙,papier,
N4,かむ,噛む [五段],"mordre, machouiller, ronger",
N5,カメラ,,appareil photo,
N4,かよう,通う,"faire des aller-et-retours, faire la navette, fréquenter, aller à (une école, une église...)",
N5,かようび,火曜日,mardi,
N5,からい,辛い,épicé,
N4,ガラス,,verre (matière),
N4,からだ,体,corps,
N5,かりる,借りる [一段],"emprunter, louer",
N5,かるい,軽い,"léger, mineur, peu sérieux",
N4,かれ,彼,"il, son (neutre)",
N4,かれら,彼ら・彼等,"ils, leurs (neutre)",
N5,カレンダー,,calendrier,
N5,かわ,川・河,"rivière, cours d'eau",
N5,かわいい,可愛い,"adorable, mignon",
N4,かわく,渇く [五段],avoir soif,
N4,かわりに,代わりに,à la place de,
N4,かわる,変わる [五段],"changer, se transformer",
N4,かんがえる,考える [一段],"réfléchir, considérer",
N4,かんけい,関係,"relation, rapport, lien",
N4,かんごふ,看護婦,infirmière,
N5,かんじ,漢字,"caractères chinois, kanji",
N4,かんたん,簡単,"facile, simple",
N4,がんばる,頑張る [五段],"faire de son mieux, persévérer",
N5,き,木,"arbre, bois (la matière)",
N4,き,気,"esprit, humeur",
N5,きいろ,黄色,jaune,
N5,きいろい,黄色い,jaune,
N5,きえる,消える [一段],"disparaître, s'éteindre, s'effacer",
N4,きかい,機会,"chance, opportunité",
N5,きく,聞く [五段],"écouter, entendre, demander",
N4,きけん,危険,"dangereux, risqué",
N4,きこえる,聞こえる [一段],être audible,
N4,きしゃ,汽車,train à vapeur,
N4,ぎじゅつ,技術,"compétence, technique",
N4,きせつ,季節,saison,
N4,きそく,規則,"règlement, règlementation",
N5,きた,北,nord,
N5,ギター,,guitare,
N5,きたない,汚い,sale,
N5,きっさ,喫茶,salon de thé,
N5,きっさてん,喫茶店,"salon de thé, café (lieux)",
N5,きって,切手,timbre,
N4,きっと,急度,"sûrement, certainement, sans aucun doute",
N5,きっぷ,切符,"ticket, billet",
N4,きぬ,絹,soie,
N5,きのう,昨日,hier,
N4,きびしい,厳しい,"strict, sévère",
N4,きぶん,気分,"sensation, humeur",
N4,きまる,決まる [五段],"être décidé, être déterminé",
N4,きみ,君,"tu, ton, toi (familier)",
N4,きめる,決める [一段],"décider, déterminer, fixer",
N4,きもち,気持ち,"sensation, sentiment",
N4,きもの,着物,kimono (vêtement traditionnel japonais),
N4,きゃく,客,"client, invité",
N4,きゅう,急,"urgent, soudain",
N5,きゅう・く,九,neuf,
N4,きゅうこう,急行,train express,
N5,ぎゅうにく,牛肉,viande de boeuf,
N5,ぎゅうにゅう,牛乳,lait de vache,
N5,きょう・こんにち,今日,aujourd'hui,
N4,きょういく,教育,"éducation, entrainement",
N4,きょうかい,教会,église,
N5,きょうしつ,教室,salle de classe,
N4,きょうそう,競争,"compétition, concours",
N5,きょうだい,兄弟,"frères et soeurs (d'une même famille), frères",
N4,きょうみ,興味,intérêt dans quelque chose,
N5,きょねん,去年,année dernière,
N5,きらい,嫌い,détesté,
N5,きる,切る [五段],couper,
N5,きる,着る [一段],"enfiler un vêtement sur les épaules, s'habiller",
N5,きれい,奇麗・綺麗,"beau, propre, joli, clair",
N5,キログラム,,kilogramme,
N5,キロメートル,,kilomètre,
N5,ぎんこう,銀行,banque,
N4,きんじょ,近所,"voisinage, environs",
N5,きんようび,金曜日,vendredi,
N4,ぐあい,具合,"condition, état",
N4,くうき,空気,"air, atmosphère",
N4,くうこう,空港,aéroport,
N4,くさ,草,herbe,
N5,くすり,薬,médicament,
N4,くださる,下さる [五段],"donner, confier",
N5,くだもの,果物,fruit,
N5,くち,口,"bouche, ouverture",
N5,くつ,靴,chaussures,
N5,くつした,靴下,chaussettes,
N5,くに,国,"pays, région, province",
N4,くび,首,cou,
N4,くも,雲,nuage,
N5,くもり,曇り,nuageux,
N5,くらい,暗い,sombre,
N5,くらい・ぐらい,,environ,
N5,クラス,,classe,
N4,くらべる,比べる [一段],comparer,
N5,グラム,,gramme,
N5,くる,来る [五段]s,"arriver, venir",
N5,くるま,車,"voiture, automobile",
N4,くるむ,包む [五段],"envelopper, emballer, empaqueter",
N4,くれる,呉れる [一段],donner,
N4,くれる,暮れる [一段],"s'assombrir, se coucher (pour le soleil), se terminer",
N5,くろ,黒,noir (le),
N5,くろい,黒い,noir,
N4,け,毛,"cheveux, poil, laine",
N4,けいかく,計画,"projet, plan",
N4,けいかん,警官,policier,
N4,けいけん,経験,expérience,
N4,けいざい,経済,économie (en général),
N4,けいさつ,警察,police,
N4,ケーキ,,gâteau,
N4,けがする,怪我する,se blesser,
N5,けさ,今朝,ce matin,
N4,けしき,景色,paysage,
N4,げしゅく,下宿,"pension, logement",
N5,けす,消す [五段],"éteindre (un appareil, un feu), effacer, supprimer",
N5,けっこう,結構,"bien, merveilleux",
N5,けっこうです,結構です,"c'est OK, raisonnable, ça me convient",
N5,けっこん,結婚,mariage,
N5,けっこんする,結婚する,se marier,
N4,けっして,決して,absolument pas,
N5,げつようび,月曜日,lundi,
N4,けれど,,mais,
N4,けれども,,mais,
N4,げんいん,原因,"cause, origine, raison",
N4,けんか,喧嘩,"dispute, querelle",
N4,けんかする,喧嘩する,"se disputer, se quereller",
N5,げんかん,玄関,"hall d'entrée, vestibule",
N5,げんき,元気,"énergique, en bonne santé",
N4,けんきゅう,研究,"étude, recherche",
N4,けんきゅうしつ,研究室,"laboratoire, pièce de séminaire",
N4,けんぶつ,見物,tourisme,
N4,けんぶつする,見物する,visiter,
N4,こ,子,"enfant, petit (d'un animal)",
N5,ご,五,cinq,
N5,ご・お,御,préfixe honorifique,
N4,こう,斯う,"de cette manière, comme cela",
N5,こうえん,公園,"parc public, jardin public",
N4,こうがい,郊外,banlieue,
N4,こうぎ,講義,"cours magistral, conférence",
N4,こうぎょう,工業,industrie,
N4,こうこうせい,高校生,lycéen,
N5,こうちゃ,紅茶,thé noir,
N4,こうちょう,校長,principal (école),
N4,こうつう,交通,"trafic, transports",
N4,こうどう,講堂,auditorium,
N4,こうとうがっこう,高等学校,lycée,
N4,こうば・こうじょう,工場,"usine, atelier",
N5,こうばん,交番,petit poste de police,
N4,こうむいん,公務員,fonctionnaire,
N5,こえ,声,voix,
N5,コート,,"manteau, veste, court (de tennis, de basket…)",
N5,コーヒー,,café,
N4,こくさい,国際,international,
N5,ここ,此所,ici (proche du locuteur),
N5,ごご,午後,après-midi,
N5,ここのか,九日,"neuvième jour du mois, 9 jours",
N5,ここのつ,九つ,neuf,
N4,こころ,心,"coeur, âme",
N5,ごしゅじん,ご主人,mari (de quelqu'un) (polie),
N4,こしょう,故障,"panne, dérèglement",
N5,ごぜん,午前,matin,
N4,ごぞんじ,ご存知,connaissance (personne),
N4,こたえ,応え,réponse,
N5,こたえる,答える [一段],répondre,
N4,ごちそう,ご馳走,"festin, banquet",
N5,ごちそうさまでした,ご馳走様でした,merci pour ce repas (après avoir mangé),
N5,こちら,此方,ce côté-ci (proche du locuteur),
N5,こちらこそ,,de même,
N4,こっち,此方,ce côté-ci (proche du locuteur),
N5,コップ,,verre (contenu),
N4,こと,事,chose (abstraite),
N5,ことし,今年,cette année,
N5,ことば,言葉,"mot, langage, phrase, parole",
N5,こども,子供,enfant,
N4,ことり,小鳥,petit oiseau,
N5,この,此の,ce (proche du locuteur),
N4,このあいだ,この間,"récemment, l'autre jour",
N4,このごろ,此の頃,ces temps-ci,
N5,ごはん,ご飯,"riz cuit, repas",
N4,こまかい,細かい,"petit, détaillé",
N5,こまる,困る [五段],"être gêné, être embarrassé",
N4,ごみ,芥,"détritus, déchets, ordures",
N4,こむ,込む・混む [五段],"être rempli, être bondé",
N4,こめ,米,"riz non préparé, riz cru",
N5,ごめんください,ご免下さい,puis-je rentrer ? (dans la maison de quelqu'un d'autre),
N5,ごめんなさい,ご免なさい,"désolé, excusez moi",
N4,ごらんになる,ご覧に成る [五段],"voir, regarder (hon)",
N5,これ,惟,ceci (proche du locuteur),
N4,これから,此れから,après cela,
N5,ころ・ごろ,,vers (pour l'heure),
N4,こわい,怖い・恐い,"effrayant, inquiétant",
N4,こわす,壊す [五段],"détruire, casser, briser",
N4,こわれる,壊れる [一段],"se casser, se briser",
N5,こんげつ,今月,ce mois-ci,
N4,コンサート,,concert,
N5,こんしゅう,今週,cette semaine,
N4,こんど,今度,"cette fois, la prochaine fois",
N5,こんな,,cette sorte de,
N5,こんにちは,今日は,bonjour (l'après-midi),
N5,こんばん,今晩,ce soir,
N5,こんばんは,今晩は,bonsoir,
N4,こんや,今夜,ce soir,
N5,さい,歳,ans (pour l'âge),
N4,さいきん,最近,"le plus récent, ces temps-ci, récemment",
N4,さいご,最後,le dernier,
N4,さいしょ,最初,le premier,
N4,さいふ,財布,portefeuille,
N4,さがす,探す・捜す [五段],chercher,
N5,さかな・うお,魚,poisson,
N4,さがる,下がる [五段],"se calmer (pluie, douleur...), se retirer",
N4,さかん,盛ん,"riche, prospère",
N5,さき,先,"précédent, antérieur",
N5,さく,咲く [五段],"fleurir, éclore",
N5,さくぶん,作文,"composition, essai (écrit), rédaction",
N5,さけ,酒,"alcool, sake",
N4,さげる,下げる [五段],"descendre, accorder (à quelqu'un)",
N4,さしあげる,差し上げる [一段],"donner, offrir, élever",
N5,さす,差す [五段],ouvrir (un parapluie),
N5,さつ,冊,compteur pour les livres,
N4,さっき,,il y a longtemps,
N5,ざっし,雑誌,"revue, magazine",
N5,さとう,砂糖,sucre,
N4,さびしい,寂しい,"seul, solitaire",
N4,さま,様,"suffixe pour les noms (Mr, Mme), apparence, manière",
N5,さむい,寒い,froid (temps météo.),
N5,さようなら,左様なら,"au revoir, adieu",
N5,さよなら,,au revoir,
N5,さら,皿,assiette,
N4,さらいげつ,再来月,dans deux mois,
N4,さらいしゅう,再来週,dans deux semaines,
N5,さらいねん,再来年,dans deux ans,
N4,サラダ,,salade,
N4,さわぐ,騒ぐ [五段],faire du bruit,
N4,さわる,触る [五段],toucher,
N5,さん,三,trois,
N5,さん,,"suffixe pour les noms (Mme, Mr)",
N4,サンダル,,sandale,
N4,サンドイッチ,,sandwich,
N4,ざんねん,残念,regrettable,
N5,さんぽ,散歩,"promenade, balade",
N5,さんぽする,散歩する,se promener,
N5,し,四,quatre,
N4,し,市,ville,
N5,じ,時,"heure (comme dans : 6h du matin, 18h…)",
N4,じ,字,caractère (imprimerie),
N4,しあい,試合,"épreuve sportive, match",
N5,しお,塩,sel,
N5,しかし,併し,"mais, cependant, pourtant, toutefois",
N4,しかた,仕方,"méthode, manière",
N4,しかる,叱る [五段],gronder (quelqu'un),
N5,じかん,時間,"heure, temps",
N4,しき,式,"formule, équation, cérémonie",
N4,しけん,試験,examen,
N4,じこ,事故,"accident, incident",
N5,しごと,仕事,"travail, emploi",
N5,じしょ,辞書,dictionnaire,
N4,じしん,地震,tremblement de terre,
N5,しずか,静か,calme,
N5,した,下,dessous,
N4,じだい,時代,"époque, période",
N4,したぎ,下着,sous-vêtements,
N4,したく,支度,préparation,
N4,しっかり,確り,fermement,
N4,しっぱい,失敗,échec,
N5,しつもん,質問,"question, demande de renseignement",
N5,しつもんする,質問する,poser une question,
N4,しつれい,失礼,malpoli,
N4,しつれい,失礼,impolitesse,
N5,しつれいしました,失礼しました,"excusez-moi, je suis désolé",
N5,しつれいします,失礼します,excusez-moi,
N4,じてん,辞典,dictionnaire,
N5,じてんしゃ,自転車,vélo,
N5,じどうしゃ,自動車,véhicule,
N4,しなもの,品物,marchandises,
N5,しぬ,死ぬ [五段],mourir,
N4,しばらく,暫く,"un instant, un moment",
N5,じびき,字引,dictionnaire,
N5,じぶん,自分,"soi-même, elle-même, lui-même",
N4,しま,島,île,
N4,しまう,仕舞う [五段],"finir, fermer, clôturer, mettre fin à",
N5,しまる,閉まる [五段],se fermer,
N4,しみん,市民,citoyen,
N4,じむしょ,事務所,bureau (pièce),
N5,しめる,締める [一段],attacher,
N5,しめる,閉める [一段],fermer,
N4,しゃかい,社会,société,
N5,しゃしん,写真,photographie,
N5,しゃしんをとる,写真を撮る,prendre une photo,
N4,しゃちょう,社長,PDG,
N5,シャツ,,"chemise, chemisier",
N4,じゃま,邪魔,obstacle,
N4,ジャム,,confiture,
N5,シャワー,,douche,
N5,じゅう,中,"à travers, partout dans, partout en",
N4,じゆう,自由,libre,
N4,じゆう,自由,liberté,
N5,じゅう・とお,十,dix,
N5,しゅうかん,週間,semaine,
N4,しゅうかん,習慣,"habitude, manière",
N4,じゅうしょ,住所,adresse,
N4,じゅうどう,柔道,judo,
N4,しゅうぱつ,出発,départ,
N4,じゅうぶん,十分,"assez, suffisant",
N5,じゅぎょう,授業,"cours, classe",
N5,しゅくだい,宿題,devoir à la maison,
N4,しゅっせき,出席,présence,
N4,しゅみ,趣味,"passe-temps, hobby",
N4,じゅんび,準備,"préparation, préparatif",
N4,しょうかい,紹介,"présentation, introduction (d'une personne)",
N4,しょうがつ,正月,jour du Nouvel-An,
N4,しょうがっこう,小学校,école primaire,
N5,じょうず,上手,"doué, bon",
N4,しょうせつ,小説,roman,
N4,しょうたい,招待,invitation,
N4,しょうち,承知,consentement,
N5,じょうぶ,丈夫,"bonne santé, forme",
N5,しょうゆ,醤油,sauce soja,
N4,しょうらい,将来,futur (proche),
N4,しょくじ,食事,repas,
N4,しょくじする,食事する,prendre un repas,
N5,しょくどう,食堂,salle à manger,
N4,しょくりょうひん,食料品,nourriture,
N4,じょせい,女性,femme,
N4,しらせる,知らせる [一段],"informer, annoncer, prévenir",
N4,しらべる,調べる [一段],"examiner, vérifier",
N5,しる,知る [五段],"connaître, savoir",
N5,しろい,白い,blanc,
N4,じんこう,人口,population,
N4,じんじゃ,神社,sanctuaire shinto,
N4,しんせつ,親切,gentil,
N4,しんせつ,親切,gentillesse,
N4,しんぱい,心配,"inquiétudes, angoisses",
N4,しんぱいする,心配する,se faire du souci,
N5,しんぶん,新聞,journal (papier),
N4,しんぶんしゃ,新聞社,journal (entreprise),
N4,すいえい,水泳,natation,
N4,すいどう,水道,"approvisionnement d'eau, conduite d'eau, distribution d'eau",
N4,ずいぶん,随分,extrêmement,
N5,すいようび,水曜日,mercredi,
N5,すう,吸う [五段],"fumer, respirer, inhaler",
N4,すうがく,数学,mathématique,
N4,スーツケース,,valise,
N4,スーパー,,supermarché,
N5,スカート,,jupe,
N5,すき,好き,"beaucoup aimé, adoré",
N4,すぎる,過ぎる [一段],"dépasser, excéder",
N4,すく,空く [五段],avoir faim,
N4,すく,空く [五段],être vide,
N4,すくない,少ない,peu,
N5,すぐに,直ぐに,immédiatement,
N4,すごい,凄い,"incroyable, admirable",
N5,すこし,少し,un peu,
N5,すずしい,涼しい,frais,
N4,すすむ,進む [五段],"avancer, progresser, aller de l'avant, s'améliorer",
N5,ずつ,,chaque,
N4,すっかり,,"tous, complètement",
N4,ずっと,,"très, complètement, pendant longtemps",
N4,すてる,捨てる [一段],"lancer, jeter",
N4,ステレオ,,chaîne stéréo,
N5,ストーブ,,chauffage,
N4,すな,砂,sable,
N4,すばらしい,素晴らしい,"admirable, merveilleux",
N5,スプーン,,cuillère,
N4,すべる,滑る [五段],glisser,
N5,スポーツ,,sport,
N5,ズボン,,pantalon,
N4,すみ,隅,coin intérieur,
N5,すみません,済みません,"désolé, excusez moi",
N5,すむ,住む [五段],habiter,
N4,すむ,済む [五段],finir,
N4,すり,掏摸,pickpocket,
N5,スリッパ,,pantoufle,
N5,する,為る,faire,
N4,すると,,ensuite,
N5,すわる,座る [五段],s'asseoir,
N5,せい,背,taille (hauteur d'une personne),
N4,せい,製,"fait en, fait de",
N4,せいかつ,生活,vie quotidienne,
N4,せいさん,生産,"production, quelque chose qui est manufacturé",
N4,せいじ,政治,politique (en général),
N5,せいと,生徒,élève,
N4,せいめい,生命,"vie, existence",
N4,せいよう,西洋 np,"Occident, pays occidentaux",
N5,セーター,,pull,
N4,せかい,世界,monde,
N4,せき,席,siège,
N5,せっけん,石鹸,savon,
N4,せつめい,説明,explication,
N4,せなか,背中,dos,
N4,ぜひ,是非,"certainement, sans faute",
N5,せびろ,背広,costume d'affaire,
N5,せまい,狭い,"étroit, exigu, petit",
N5,ゼロ,,zéro,
N4,せわ,世話,assistance,
N5,せん,千,mille,
N4,せん,線,"ligne (de train, de téléphone...)",
N5,せんげつ,先月,mois dernier,
N5,せんしゅう,先週,semaine dernière,
N5,せんせい,先生,"professeur, enseignant",
N4,ぜんぜん,全然,pas du tout (+négatif),
N4,せんそう,戦争,guerre,
N5,せんたく,洗濯,lessive,
N5,せんたくする,洗濯する,faire la lessive,
N4,せんぱい,先輩,"supérieur (au travail, à l'école...)",
N5,ぜんぶ,全部,"totalement, en entier",
N4,せんもん,専門,spécialité,
N4,そう,,ainsi,
N5,そうじする,掃除する,faire le ménage,
N5,そうして,然うして,"et ensuite, et après",
N4,そうだん,相談,"consultation, discussion",
N4,そうだんする,相談する,"demander conseil, consulter",
N5,そこ,其処,là (proche de l'interlocuteur),
N4,そだてる,育てる [一段],"élever, ériger",
N4,そちら,其方,ce côté-là (proche de l'interlocuteur),
N4,そつぎょう,卒業,obtention d'un diplôme,
N4,そっち,其方,ce côté-là (proche de l'interlocuteur),
N5,そと,外,"dehors, extérieur, à l'air libre",
N5,その,其の,ce (proche de l'interlocuteur),
N5,そのほか,その他,divers,
N5,そば,側,"proche de, à côté de",
N4,そふ,祖父,grand-père,
N4,そぼ,祖母,grand-mère,
N5,そら,空,ciel,
N5,それ,其れ,ceci (proche de l'interlocuteur),
N5,それから,其れから,"ensuite, après, depuis lors",
N4,それで,其れで,de ce fait,
N5,それでわ,其れでは,"dans ce cas, alors, donc",
N4,それに,其れに,"de plus, d'ailleurs",
N4,それはいけませんね,其れはいけませんね,c'est ennuyeux,
N4,それほど,其れ程,tellement,
N4,そろそろ,,"doucement, petit à petit",
N4,そんな,,"une telle (chose), une pareille (chose)",
N4,そんなに,,"comme, tellement",
N5,だい,台,"support, socle, table",
N5,だい,台,compteur pour le nombre de voitures,
N4,たいいん,退院,sortie de l'hôpital,
N5,だいがく,大学,université,
N4,だいがくせい,大学生,étudiant à l'université,
N4,だいじ,大事,important,
N5,たいしかん,大使館,ambassade,
N5,だいじょうぶ,大丈夫,"qui va bien, sans problème",
N5,だいすき,大好き,"adorable, adoré",
N5,たいせつ,大切,important,
N4,だいたい,大体,"à peu près, dans l'ensemble",
N5,たいてい,大抵,"d'habitude, en général",
N5,だいどころ,台所,cuisine,
N4,だいぶ,大分,"considérablement, beaucoup",
N4,タイプ,,"type, style",
N4,たいふう,台風,typhon,
N5,たいへん,大変,"sérieux, grave, important, immense, énorme",
N4,たおれる,倒れる [一段],s'effondrer,
N5,たかい,高い,"haut, cher",
N4,だから,,donc,
N5,たくさん,沢山,beaucoup,
N5,タクシー,,taxi,
N5,だけ,丈,"juste, seulement",
N4,たしか,確か,"sûr, certain",
N4,たしか,確,"certainement, assurément, si je ne me trompe pas",
N4,たす,足す [五段],ajouter (des nombres),
N5,だす,出す [五段],"sortir, partir",
N4,たずねる,尋ねる [一段],"demander, se renseigner",
N4,たずねる,訪ねる [一段],visiter,
N4,ただいま,ただ今,je suis rentré (en rentrant chez soi),
N4,ただしい,正しい,"juste, correct",
N4,たたみ,畳,"tatami, couverture de sol japonais en paille",
N5,たち,達,"marque du pluriel, suffixe pour le pluriel",
N5,たつ,立つ [五段],"se lever, être érigé, être levé, tenir debout",
N5,たつ,発つ [五段],"partir (en train, en avion…)",
N5,たてもの,建物,bâtiment,
N4,たてる,建てる [一段],construire,
N4,たてる,立てる [一段],"élever, ériger, dresser, établir",
N4,たとえば,例えば,par exemple,
N4,たな,棚,étagère,
N5,たのしい,楽しい,"plaisant, amusant",
N4,たのしみ,楽しみ,"plaisir, amusement",
N4,たのしむ,楽しむ [五段],"se faire plaisir, se divertir",
N5,たのむ,頼む [五段],demander,
N5,たばこ,煙草,"cigarette, tabac",
N5,たぶん,多分,peut-être,
N5,たべもの,食べ物,nourriture,
N5,たべる,食べる [一段],manger,
N5,たまご,卵,oeuf,
N4,たまに,偶に,occasionnellement,
N4,ため,為,"dans le but de, à cause de, du fait de",
N4,だめ,駄目,"impossible, non, pas moyen",
N4,たりる,足りる [一段],"être suffisant, être assez",
N5,だれ,誰,"qui ?, quelqu'un",
N5,だれか,誰か,quelqu'un,
N5,たんじょうび,誕生日,anniversaire,
N4,だんせい,男性,mâle,
N5,だんだん,段々,"progressivement, petit à petit",
N4,だんぼう,暖房,chauffage,
N4,ち,血,sang,
N5,ちいさい,小さい,petit,
N4,ちいさな,小さな,petit,
N5,ちかい,近い,"proche (en distance), près",
N5,ちがう,違う [五段],être différent,
N5,ちかく,近く,"voisinage, environ",
N5,ちかてつ,地下鉄,métro,
N4,ちから,力,"force, énergie, puissance",
N5,ちず,地図,"carte, plan",
N5,ちち,父,père,
N4,ちっとも,些とも,pas du tout (+négatif),
N5,ちゃいろ,茶色,marron clair,
N5,ちゃいろ,茶色,marron,
N5,ちゃわん,茶碗,"bol à riz, tasse à thé",
N5,ちゅう,中,pendant,
N4,ちゅうい,注意,"prudence, attention",
N4,ちゅうがっこう,中学校,collège,
N4,ちゅうしゃ,注射,"piqûre, injection",
N4,ちゅうしゃじょう,駐車場,place de parking,
N5,ちょうど,丁度,"juste, exact",
N5,ちょっと,一寸,"juste une minute, un petit peu, un instant, un moment",
N4,ちり,地理,géographie,
N5,ついたち,一日,"premier jour du mois, 1 jour",
N5,つかう,使う [五段],"utiliser, employer, dépenser (de l'argent, du temps), parler (une langue)",
N4,つかまえる,捕まえる [一段],"attraper, capturer",
N5,つかれる,疲れる [一段],être fatigué,
N4,つき,月,Lune,
N4,つき,月,mois,
N5,つぎ,次,suivant,
N5,つきあかり,月明かり,clair de lune,
N5,つく,着く [五段],"arriver, atteindre",
N4,つく,点く [五段],"être allumé (lumière, lampe...), prendre feu",
N5,つくえ,机,bureau (meuble),
N5,つくる,作る・創る・造る [五段],"faire, créer, réaliser, construire, fabriquer",
N5,つける,点ける [一段],"allumer (la lumière, une cigarette…)",
N4,つける,付ける・着ける [一段],"coller, attacher, fixer, enfiler un vêtement, accompagner quelqu'un, allumer",
N4,つける,漬ける・浸ける [一段],"tremper, mariner",
N4,つごう,都合,"circonstance, condition",
N4,つたえる,伝える [一段],"transmettre, communiquer, propager",
N4,つづく,続く [五段],"se continuer, se prolonger",
N4,つづける,続ける [一段],continuer,
N4,つつむ,包む [五段],"envelopper, emballer",
N5,つとめる,努める [一段],"faire des efforts, s'appliquer, travailler",
N4,つま,妻,"épouse, femme",
N5,つまらない,詰まらない,"ennuyeux, peu intéressant",
N5,つめたい,冷たい,"glacé (au toucher), froid",
N4,つもり,積もり,intention,
N5,つよい,強い,"fort, puissant",
N4,つる,釣る [五段],pêcher,
N4,つれる,連れる [一段],emmener,
N5,て,手,main,
N4,ていねい,丁寧,"poli, courtois",
N5,テープ,,"bande magnétique, cassette audio",
N5,テーブル,,table,
N5,テープレコーダー,,magnétophone,
N5,でかける,出かける [一段],"sortir, partir",
N5,てがみ,手紙,lettre,
N4,テキスト,,texte,
N4,てきとう,適当,"approprié, convenable",
N5,できる,出来る [一段],"être capable de faire, être fait",
N4,できるだけ,出来るだけ,"si possible, autant que possible",
N5,でぐち,出口,sortie,
N5,テスト,,"test, essai",
N4,てつだう,手伝う [五段],"aider, assister",
N4,テニス,,tennis,
N4,テニスコート,,court de tennis,
N5,では,,"donc, alors, et bien",
N5,デパート,,centre commercial,
N4,てぶくろ,手袋,gants,
N5,でも,,"mais, cependant",
N4,てら,寺,temple bouddhiste,
N5,でる,出る [一段],"quitter, sortir",
N5,テレビ,,télévision,
N5,てん,店,"boutique de, magasin de",
N4,てん,点,"point, marque, score",
N4,てんいん,店員,"employé d'un magasin, vendeur",
N5,てんき,天気,"météo, temps",
N5,でんき,電気,"électricité, lumière électrique",
N4,てんきよほう,天気予報,prévisions météorologiques,
N5,でんきをつける,電気を点ける,allumer la lumière,
N5,でんしゃ,電車,train,
N4,でんとう,電灯,lumière électrique,
N4,でんぽう,電報,télégramme,
N4,てんらんかい,展覧会,exposition,
N5,でんわ,電話,téléphone,
N5,と,戸,porte coulissante,
N5,と,,"si, quand, et, avec",
N4,と,都,urbain,
N5,ど,度,"degré (angle, température...)",
N5,ど,度,"compteur pour les occurrences, le nombre de fois",
N5,ドア,,porte (style occidental),
N5,トイレ,,toilettes,
N5,どう,如何,"comment ?, de quelle manière ?",
N5,どういたしまして,どう致しまして,"il n'y a pas de quoi, de rien",
N4,どうぐ,道具,"outil, instrument",
N5,どうして,如何して,pourquoi ?,
N5,どうぞ,,s'il vous plaît,
N5,どうぞよろしく,どうぞ宜しく,"enchanté, je compte sur vous",
N4,とうとう,等々,"finalement, etc",
N5,どうぶつ,動物,animal,
N4,どうぶつえん,動物園,zoo,
N5,どうも,,merci,
N5,どうもありがとうございます,どうも有難う御座います,merci beaucoup,
N5,とおい,遠い,"long, distant",
N5,とおか,十日,"dixième jour du mois, 10 jours",
N4,とおく,遠く,"de loin, à distance",
N4,とおり,通り,"rue, avenue",
N4,とおる,通る [五段],"aller à (l'école...), passer",
N5,とき,時,"heure, temps, moment",
N5,ときどき,時々,"de temps en temps, parfois",
N4,とくに,特に,particulièrement,
N4,とくべつ,特別,spécial,
N5,とけい,時計,"montre, horloge, réveil",
N5,どこ,何所,où ?,
N4,とこや,床屋,"coiffeur, salon de coiffure",
N5,ところ,所,"endroit, lieu",
N4,とし,年,année,
N5,としょかん,図書館,bibliothèque (bâtiment),
N4,とちゅう,途中,"en route, en chemin, à mi-chemin",
N5,どちら,何方,quel côté ?,
N4,とっきゅう,特急,train express,
N4,どっち,何方,quel côté ?,
N5,とても,迚も,"beaucoup, extrêmement",
N4,とどける,届ける [一段],"livrer, distribuer",
N5,どなた,何方,qui ? (poli),
N5,となり,隣,"proche, voisin",
N5,どの,何の,quel ?,
N5,とぶ,飛ぶ・跳ぶ [五段],"voler, s'envoler, bondir",
N5,とまる・とどまる,止まる・留まる [五段],"rester (au même endroit), stopper, s'arrêter, demeurer, être limité à, s'établir",
N4,とめる,止める [一段],"arrêter, stopper",
N5,ともだち,友達,"ami, compagnon",
N5,どようび,土曜日,samedi,
N5,とり,鳥,oiseau,
N4,とりかえる,取り替える [一段],"échanger, remplacer",
N5,とりにく,鶏肉,poulet,
N5,とる,取る [五段],"prendre, emporter",
N5,とる,撮る [五段],prendre (une photographie),
N5,どれ,何れ,lequel ?,
N4,どろぼう,泥棒,"voleur, cambrioleur",
N5,どんな,,quel genre ?,
N5,ない,無い,"qui n'existe pas, qui n'est pas là, qui n'est pas possédé",
N5,ナイフ,,couteau,
N4,なおす,直す・治す [五段],"réparer, guérir",
N4,なおる,直る・治る [五段],"être réparé, être guéri, se remettre (santé)",
N5,なか,中,"à l'intérieur de, parmi",
N5,ながい,長い,long,
N4,なかなか,中々,"facilement, considérablement, très, difficilement",
N5,なく,鳴く [五段],"chanter (oiseau), aboyer, miauler, grogner (pangolin)...",
N4,なく,泣く [五段],pleurer,
N4,なくす,無くす・亡くす [五段],perdre (quelque chose ou quelqu'un),
N4,なくなる,無くなる [五段],"se perdre, disparaître",
N4,なくなる,亡くなる [五段],"mourir, perdre la vie",
N4,なげる,投げる [一段],"lancer, jeter",
N4,なさる,為さる [五段],faire (poli),
N4,なぜ,何故,pourquoi ?,
N5,なつ,夏,été,
N5,なつやすみ,夏休み,vacances d'été,
N5,など,等,"etc, et cetera",
N5,なな,七,sept,
N5,ななつ,七つ,sept,
N5,なのか,七日,"septième jour du mois, 7 jours",
N5,なまえ,名前,nom,
N5,ならう,習う [五段],"étudier, apprendre (de quelqu'un)",
N5,ならぶ,並ぶ [五段],"se mettre en rangs, faire la queue, rivaliser, égaler",
N5,ならべる,並べる [一段],aligner,
N4,ならべる,並べる [一段],"mettre en rangs, énumérer",
N5,なる,成る [五段],"devenir, se changer en, être composé de, être constitué de",
N4,なる,鳴る [五段],"sonner, résonner",
N4,なるべく,成る可く,autant que possible,
N4,なるほど,成る程,"en effet, c'est cela",
N4,なれる,慣れる [一段],s'habituer à,
N4,なれる,馴れる [一段],"être apprivoisé, s'habituer à",
N5,なん,何,combien (+ compteur) ?,
N5,なん・なに,何,"que, quoi ?",
N5,に,二,deux,
N4,におい,匂い,"odeur, senteur",
N4,にがい,苦い,amer,
N5,にぎやか,賑やか,"animé (en parlant d'une ville, d'une rue…)",
N5,にく,肉,viande,
N4,にげる,逃げる [一段],"s'échapper, s'enfuir",
N5,にし,西,ouest,
N5,にち,日,"jour du mois, compteur pour les jours du mois",
N5,にちようび,日曜日,dimanche,
N4,について,,à propos de,
N4,にっき,日記,journal intime,
N5,にほんご,日本語,langue japonaise,
N5,にもつ,荷物,"bagage, paquet",
N4,にゅういん,入院,"hospitalisation, entrée à l'hôpital",
N4,にゅうがく,入学,admission dans une école ou une université,
N5,ニュース,,informations,
N4,によると,に依ると,selon,
N4,にる,似る [一段],"se ressembler, être similaire",
N5,にわ,庭,jardin,
N5,にん,人,compteur pour les personnes,
N4,にんぎょう,人形,"poupée, marionnette",
N5,ぬぐ,脱ぐ [五段],"enlever (des habits), se déshabiller",
N4,ぬすむ,盗む [五段],"voler, dérober",
N4,ぬる,塗る [五段],"peindre, enduire, laquer, vernir",
N4,ぬれる,濡れる [一段],"être trempé, être mouillé",
N5,ネクタイ,,cravate,
N4,ねだん,値段,"prix, coût",
N4,ねつ,熱,"fièvre, température",
N4,ねっしん,熱心,"enthousiasme, impatience",
N4,ねむい,眠い,avoir sommeil,
N4,ねむる,眠る [五段],dormir,
N5,ねる,寝る [一段],"se coucher, aller dormir",
N5,ねん,年,"années, compteur pour les années",
N5,ノート,,"calepin, cahier, note",
N4,のこる,残る [五段],"rester, être restant",
N4,のど,喉,gorge,
N5,のぼる,登る・上る・昇る [五段],"escalader, grimper, gravir, se lever (le soleil)",
N5,のみもの,飲み物,boisson,
N5,のむ,飲む [五段],boire,
N4,のりかえる,乗り換える [一段],"transférer, changer (de bus, de train…)",
N4,のりもの,乗り物,véhicule,
N5,のる,乗る [五段],"monter (dans un véhicule), prendre (un train), embarquer (dans un avion, un bateau)",
N5,は,歯,dent,
N4,は,葉,feuille,
N4,ばあい,場合,"situation, cas",
N5,パーティー,,fête,
N5,はい,,oui,
N4,ばい,倍,"double, deux fois",
N4,はいけん,拝見,"regard, vue (poli)",
N5,はいざら,灰皿,cendrier,
N4,はいしゃ,歯医者,dentiste,
N5,はいる,入る [五段],"entrer, pénétrer",
N5,はがき,葉書,carte postale,
N4,ばかり,許り,à peu près,
N5,はく,穿く・履く [五段],porter des vêtements en dessous de la taille,
N5,はこ,箱,boite,
N4,はこぶ,運ぶ [五段],transporter,
N5,はし,箸,baguette,
N5,はし,橋,pont,
N5,はじまる,始まる [五段],être commencé,
N5,はじめ,初め,début,
N5,はじめ,始め,"début, départ, origine",
N5,はじめて,初めて,pour la première fois,
N5,はじめまして,始めまして,heureux de faire votre connaissance,
N4,はじめる,始める [一段],"commencer, débuter",
N4,ばしょ,場所,"endroit, lieu, espace",
N5,はしる,走る [五段],courir,
N5,バス,,bus,
N4,はず,筈,"suffixe pour indiquer qu'une chose est presque sûre, qu'elle doit être ainsi",
N4,はずかしい,恥ずかしい,"timide, embarrassé",
N5,バター,,beurre,
N5,はたち,二十歳,vingt ans (être âgé de),
N5,はたらく,働く [五段],travailler,
N5,はち,八,huit,
N4,はつおん,発音,prononciation,
N5,はつか,二十日,"vingtième jour du mois, 20 jours",
N4,はっきり,,"clairement, distinctement",
N5,はな,花,fleur,
N5,はな,鼻,nez,
N5,はなし,話,"discours, conversation",
N5,はなす,話す [五段],parler,
N4,はなみ,花見,"hanami, contemplation de la floraison des cerisiers",
N5,はは,母,mère,
N5,はやい,早い,"rapide (temps), diligent",
N5,はやい,速い,"rapide (vitesse), véloce",
N4,はらう,払う [五段],payer,
N5,はる,春,printemps,
N5,はる,張る [五段],"coller, fixer",
N5,はれ,晴れ,"beau temps, temps clair",
N5,はれる,晴れる [一段],"s'éclaircir, s'ensoleiller",
N5,はん,半,et demie,
N5,ばん,晩,"soir, soirée",
N5,パン,,pain,
N5,ハンカチ,,mouchoir,
N4,ばんぐみ,番組,"programme (tv, radio)",
N5,ばんごう,番号,numéro,
N5,ばんごはん,晩ご飯,"dîner, repas du soir",
N4,はんたい,反対,opposé,
N4,はんたい,反対,"contraire, opposé, objection",
N5,はんぶん,半分,moitié,
N4,ひ,火,feu,
N4,ひ,日・陽,"jour, soleil",
N4,ひ,日,"jour, soleil",
N4,ピアノ,,piano,
N4,ひえる,冷える [一段],"refroidir, rafraîchir",
N5,ひがし,東,est,
N4,ひかり,光,lumière,
N4,ひかる,光る [五段],"étinceler, briller, scintiller",
N5,ひき,匹,rouleau de tissu,
N5,ひき,匹,compteur pour les petits animaux,
N4,ひきだし,引き出し,tiroir,
N5,ひく,引く [五段],"jouer d'un instrument à corde, dessiner (ligne)",
N5,ひく,引く [五段],"tirer, attirer (l'attention, l'intérêt...), tracer (une droite, un trait)",
N5,ひくい,低い,"bas, faible (température, rang, degré…)",
N4,ひげ,髭,barbe,
N5,ひこうき,飛行機,avion,
N4,ひこうじょう,飛行場,terrain d'aviation,
N4,ひさしぶり,久し振り,cela faisait longtemps,
N4,びじゅつかん,美術館,galerie d'art,
N4,ひじょうに,非常に,extrêmement,
N5,ひだり,左,gauche,
N4,びっくり,吃驚,"surpris, étonné",
N4,びっくりする,吃驚する,être surpris,
N4,ひっこす,引っ越す [五段],déménager,
N4,ひつよう,必用,nécessaire,
N4,ひつよう,必要,"indispensable, nécessaire",
N5,ひと,人,"être humain, une personne",
N4,ひどい,酷い・非道い,cruel,
N5,ひとつ,一つ,un,
N5,ひとつき,一月,un mois,
N5,ひとり,一人,une personne,
N5,ひま,暇,qui a du temps libre,
N5,ひゃく,百,cent,
N5,びょういん,病院,hôpital,
N5,びょうき,病気,malade,
N5,ひらがな,平仮名,hiragana (un des syllabaires japonais),
N4,ひらく,開く [五段],"ouvrir (un compte en banque, un festival...)",
N5,ひる,昼,midi,
N4,ビル,,immeuble,
N5,ひるごはん,昼ご飯,repas de midi,
N4,ひるま,昼間,durant la journée,
N4,ひるやすみ,昼休み,pause déjeuner,
N5,ひろい,広い,"large, vaste",
N4,ひろう,拾う [五段],"ramasser, recueillir",
N5,フィルム,,film,
N5,ふうとう,封筒,enveloppe,
N5,プール,,piscine,
N4,ふえる,増える [一段],"augmenter, s'accroître",
N5,フォーク,,fourchette,
N4,ふかい,深い,profond,
N5,ふく,服,vêtements,
N5,ふく,吹く [五段],souffler (vent),
N4,ふくざつ,複雑,compliqué,
N4,ふくしゅう,復習,révision,
N5,ふたつ,二つ,deux,
N5,ぶたにく,豚肉,porc,
N5,ふたり,二人,deux personnes,
N4,ふつう,普通,"habituel, ordinaire",
N4,ふつうは,普通は,normalement,
N5,ふつか,二日,"second jour du mois, 2 jours",
N5,ふとい,太い,"gros, épais",
N4,ぶどう,葡萄,raisin,
N4,ふとる,太る [五段],grossir,
N4,ふとん,布団,futon,
N4,ふね,船,"bateau, navire",
N4,ふべん,不便,"incommode, peu pratique",
N4,ふむ,践む・踏む [五段],"marcher sur, piétiner, évaluer, estimer",
N5,ふゆ,冬,hiver,
N5,ふる,降る [五段],"tomber (neige, pluie, grêle...)",
N5,ふるい,古い,"vieux, âgé",
N4,プレゼント,,cadeau,
N5,ふん,分,minute,
N4,ぶんか,文化,"civilisation, culture",
N4,ぶんがく,文学,littérature,
N5,ぶんしょう,文章,"phrase, style d'écriture, texte",
N4,ぶんぽう,文法,grammaire,
N5,ページ,,page,
N5,へた,下手,"pas doué, mauvais",
N4,べつ,別,"autre, différent, séparé, distinct",
N5,ベッド,,lit,
N4,べつに,別に,pas particulièrement,
N5,へや,部屋,chambre,
N4,ベル,,cloche,
N5,へん,辺,"côté (d'un triangle par ex.), les alentours",
N4,へん,変,"bizarre, étrange",
N5,ペン,,stylo,
N5,べんきょう,勉強,"études, travail",
N5,べんきょうする,勉強する,étudier,
N4,へんじ,返事,réponse,
N4,へんじする,返事する,répondre,
N5,べんり,便利,"pratique, utile",
N4,ぼうえき,貿易,commerce (étranger),
N5,ぼうし,帽子,chapeau,
N4,ほうそう,放送,"diffusion, émission",
N4,ほうりつ,法律,loi,
N5,ボールペン,,stylo-bille,
N5,ほか,他,"divers, autre",
N4,ぼく,僕,"je, moi, mon (familier)",
N5,ポケット,,poche,
N4,ほし,星,étoile,
N5,ほしい,欲しい,"désiré, voulu",
N5,ほそい,細い,"fin, ténu",
N5,ボタン,,bouton,
N5,ホテル,,hôtel,
N4,ほど,程,"limite, borne, dimension",
N4,ほとんど,殆ど,"presque, à peine, peu",
N4,ほめる,褒める [一段],"louer, admirer",
N5,ほん,本,livre,
N5,ほん,本,compteur pour les objets ronds et longs,
N5,ほんだな,本棚,bibliothèque (rangement),
N5,ほんとう,本当,"vrai, véritable",
N5,ほんとうに,本当に,"vraiment, réellement",
N4,ほんやく,翻訳,traduction,
N4,ほんやくする,翻訳する,traduire,
N5,まい,枚,compteur pour les objets plats comme des feuilles,
N5,まいあさ,毎朝,tous les matins,
N5,まいしゅう,毎週,toutes les semaines,
N5,まいつき,毎月,tous les mois,
N5,まいとし・まいねん,毎年・毎年,tous les ans,
N5,まいにち,毎日,tous les jours,
N5,まいばん,毎晩,tous les soirs,
N4,まいる,参る [五段],"venir, aller (hum)",
N5,まえ,前,"devant, avant",
N5,まえ,前,"avant, auparavant",
N5,まがる,曲がる [五段],"tourner, se courber, se plier",
N4,まける,負ける [一段],"perdre, être vaincu",
N4,まじめ,真面目,"sérieux, sincère, honnête",
N4,まず,先ず,"d'abord, en premier",
N5,まずい,不味い,"peu appétisant, sans goût",
N5,また,復,encore,
N5,また,,à plus tard,
N5,まだ・いまだ,未だ,"pas encore (+négatif), encore (+positif)",
N4,まだは,,"ou, autrement",
N5,まち,町・街,"ville, quartier",
N4,まちがえる,間違える [一段],"faire une erreur, se tromper, confondre",
N5,まつ,待つ [五段],attendre,
N5,まっすぐ,真っ直ぐ,"droit devant, en face",
N5,マッチ,,"match, allumette",
N4,まつり,祭,festival,
N5,まど,窓,fenêtre,
N4,まにあう,間に合う [五段],"être à l'heure, arriver à temps",
N4,まま,,"tel quel, comme, parce que",
N5,まるい,丸い,"rond, circulaire",
N5,まるい,円い,"rond, circulaire",
N4,まわり,回り・周り,"alentours, circonférence, contour",
N4,まわる,回る [五段],"faire le tour, circuler, aller partout autour",
N5,まん,万,dix-mille,
N4,まんが,漫画,"bande dessinée, manga",
N4,まんなか,真ん中,"milieu, centre",
N5,まんねんひつ,万年筆,stylo-plume,
N4,みえる,見える [一段],"être visible, apparaître, sembler",
N5,みがく,磨く [五段],"polir, nettoyer, faire briller",
N5,みぎ,右,droite,
N5,みじかい,短い,court,
N5,みず,水,eau,
N4,みずうみ,湖,lac,
N5,みせ,店,magasin,
N5,みせる,見せる [一段],"montrer, afficher, laisser montrer",
N4,みそ,味噌,miso (plat traditionnel japonais consistant en une pâte fermentée et salée),
N5,みち,道,chemin,
N5,みっか,三日,"troisième jour du mois, 3 jours",
N4,みつかる,見付かる [五段],"être trouvé, être découvert",
N4,みつける,見付ける [一段],"découvrir, trouver",
N5,みっつ,三つ,trois,
N4,みどり,緑,vert,
N4,みな・みんな,皆,"tout le monde, tout",
N5,みなさん,皆さん,tout le monde,
N4,みなと,港,port,
N5,みなみ,南,sud,
N5,みみ,耳,oreille,
N5,みる,見る・観る・視る [一段],voir,
N5,むいか,六日,"sixième jour du mois, 6 jours",
N4,むかえる,迎える [一段],"accueillir, recevoir, accepter quelqu'un, aller à l'encontre de, aller chercher quelqu'un",
N4,むかし,昔,"auparavant, autrefois",
N5,むこう,向こう,de l'autre côté,
N4,むし,虫,insecte,
N5,むずかしい,難しい,difficile,
N4,むすこ,息子,fils,
N4,むすめ,娘,"fille, femme non mariée",
N5,むっつ,六つ,six,
N4,むら,村,village,
N4,むり,無理,"impossible, inutile, déraisonnable",
N5,め,目,oeil,
N5,め,目,compteur des numéros d'ordre (suffixe en -ième comme dans deuxième),
N5,メートル,,mètre,
N5,めがね,眼鏡,lunette,
N4,めしあがる,召し上がる [五段],manger (poli),
N4,めずらしい,珍しい,"inhabituel, rare, insolite",
N5,もう,,"encore, plus, déjà",
N4,もうしあげる,申し上げる [一段],"dire, raconter (poli)",
N4,もうす,申す [五段],dire (hum),
N4,もうすぐ,もう直ぐ,très prochainement,
N5,もくようび,木曜日,jeudi,
N4,もし,若し,"si, au cas où",
N5,もしもし,,hallo (au téléphone),
N5,もちろん,勿論,"bien sûr, évidemment",
N5,もつ,持つ [五段],"tenir, porter, posséder",
N5,もっと,,plus,
N4,もどる,戻る [五段],"retourner (vers), revenir (à)",
N5,もの,物,"chose, objet",
N4,もめん,木綿,coton,
N4,もらう,貰う [五段],recevoir,
N5,もん,門,porte,
N5,もんだい,問題,"problème, sujet à traiter, question",
N5,やおや,八百屋,"maraîcher, marchand de fruits et légumes",
N4,やく,焼く [五段],"griller, rôtir",
N4,やくそく,約束,"promesse, engagement",
N4,やくだつ,役立つ [五段],être utile,
N4,やくにたつ,役に立つ [五段],être utile,
N4,やける,焼ける [一段],être brûlé,
N5,やさい,野菜,légume,
N5,やさしい,優しい,"facile, simple, gentil",
N5,やさしい,易しい,"facile, simple",
N5,やすい,安い,"peu cher, bon marché, calme, paisible",
N4,やすい,易い,facile à,
N5,やすみ,休み,"vacances, congé, repos",
N5,やすむ,休む [五段],"se reposer, être absent, prendre un congé",
N4,やせる,痩せる [一段],perdre du poids,
N5,やっつ,八つ,huit,
N4,やっぱり・やはり,,comme je le pensais,
N5,やま,山,"montagne, mont",
N4,やむ,止む [五段],"cesser, s'arrêter (en parlant de la pluie, la neige...), être terminé",
N4,やめる,止める [一段],"arrêter, stopper",
N5,やる,遣る [五段],faire,
N4,やる,遣る [五段],donner à quelqu'un d'inférieur en rang,
N4,やわらかい,柔らかい・軟らかい,"doux, tendre, mou",
N5,ゆうがた,夕方,"soir, soirée",
N4,ゆうはん,夕飯,"dîner, repas du soir",
N5,ゆうびんきょく,郵便局,bureau de poste,
N4,ゆうべ,昨夜,hier soir,
N5,ゆうめい,有名,célèbre,
N5,ゆき,雪,neige,
N4,ゆしゅつ,輸出,exportations,
N5,ゆっくり,,"lentement, tranquillement",
N4,ゆにゅう,輸入,"importation, introduction",
N4,ゆび,指,doigt,
N4,ゆめ,夢,rêve,
N4,ゆれる,揺れる [一段],"être secoué, être remué, trembler",
N4,よう,用,"affaire (business), utilisation, tâche",
N4,ようい,用意,préparation,
N5,ようか,八日,"huitième jour du mois, 8 jours",
N4,ようじ,用事,"tâche, affaire, chose à faire",
N5,ようふく,洋服,vêtements occidentaux,
N5,よく,好く,"bien, adroitement",
N5,よく,克く,souvent,
N4,よくいらっしゃいました,,"vous voilà donc, vous voilà !",
N5,よこ,横,"côté (d'un boîte, d'un bâtiment...)",
N4,よごれる,汚れる [一段],se salir,
N4,よしゅう,予習,préparation pour un cours,
N5,よっか,四日,"quatrième jour du mois, 4 jours",
N5,よっつ,四つ,quatre,
N4,よてい,予定,"plan, emploi du temps, programme",
N5,よぶ,呼ぶ [五段],appeler,
N5,よむ,読む [五段],lire,
N4,よやく,予約,"réservation, contrat",
N4,よる,寄る [五段],"passer voir quelqu'un, rendre visite à",
N5,よる・よ,夜,nuit,
N4,よろこぶ,喜ぶ [五段],"être réjoui, être joyeux, se réjouir",
N4,よろしい,宜しい,"bien, très bien, parfait",
N4,よわい,弱い,"faible, fragile",
N5,らいげつ,来月,mois prochain,
N5,らいしゅう,来週,semaine prochaine,
N5,らいねん,来年,année prochaine,
N5,ラジオ,,radio,
N5,りっぱ,立派,"magnifique, splendide, impressionnant",
N4,りゆう,理由,"cause, motif",
N5,りゅうがくせい,留学生,étudiant venant de l'étranger,
N4,りよう,利用,"utilisation, application",
N5,りょうしん,両親,parents (père et mère),
N4,りょうほう,両方,"deux côtés, les 2 parties",
N5,りょうり,料理,"plat, cuisine",
N4,りょかん,旅館,"auberge japonaise, hôtel",
N5,りょこう,旅行,voyage,
N5,りょこうする,旅行する,voyager,
N4,るす,留守,absence (de chez soi),
N4,るすする,留守する,être absent de chez soi,
N5,れい,零,zéro,
N5,れいぞうこ,冷蔵庫,réfrigérateur,
N4,れきし,歴史,histoire,
N5,レコード,,"disque (de musique), record",
N5,レストラン,,restaurant,
N5,れんしゅう,練習,exercice,
N5,れんしゅうする,練習する,"faire des exercices, s'entraîner",
N4,れんらく,連絡,"contact, communication",
N4,れんらくする,連絡する,contacter,
N5,ろく,六,six,
N5,ワイシャツ,,chemise,
N5,わかい,若い,jeune,
N4,わかす,沸かす [五段],"bouillir, chauffer",
N5,わかる,分かる [五段],"comprendre, être au courant, connaitre (une langue)",
N4,わかれる,別れる・分かれる [一段],"être séparé, divisé, se séparer",
N4,わく,沸く・湧く [五段],"être bouilli, chauffé",
N4,わけ,訳,"raison, conclusion après un raisonnement",
N4,わすれもの,忘れ物,objet perdu,
N5,わすれる,忘れる [一段],oublier,
N5,わたくし,私,"je, mon, moi (formel)",
N5,わたし,私,"je, mon, moi (neutre)",
N5,わたす,渡す [五段],"remettre, livrer, transmettre",
N5,わたる,渡る [五段],traverser,
N4,わらう,笑う [五段],"rire, sourire",
N4,わりあい,割合,"proportion, ratio, %",
N5,わるい,悪い,"mauvais, méprisable",
N4,われる,割れる [一段],"se fendre, se briser, se casser",
